{"stats":{"minecraft:custom":{"minecraft:interact_with_furnace":3,"minecraft:mob_kills":14,"minecraft:interact_with_crafting_table":11,"minecraft:bell_ring":1,"minecraft:leave_game":1,"minecraft:time_since_death":40544,"minecraft:sleep_in_bed":3,"minecraft:climb_one_cm":11854,"minecraft:time_since_rest":1431,"minecraft:sprint_one_cm":73977,"minecraft:damage_taken":452,"minecraft:walk_one_cm":80505,"minecraft:damage_dealt":2544,"minecraft:swim_one_cm":419,"minecraft:talked_to_villager":8,"minecraft:fly_one_cm":43269,"minecraft:open_chest":5,"minecraft:crouch_one_cm":546,"minecraft:play_time":40544,"minecraft:sneak_time":544,"minecraft:walk_under_water_one_cm":164,"minecraft:jump":448,"minecraft:walk_on_water_one_cm":632,"minecraft:total_world_time":40544,"minecraft:fall_one_cm":9708},"minecraft:used":{"minecraft:stone_sword":104,"minecraft:stone_pickaxe":115,"minecraft:ladder":53,"minecraft:chest":2,"minecraft:wooden_pickaxe":19,"minecraft:torch":8,"minecraft:crafting_table":2,"minecraft:red_bed":2,"minecraft:bread":10,"minecraft:iron_pickaxe":250,"minecraft:stone_axe":57,"minecraft:cobblestone":36,"minecraft:oak_sapling":2,"minecraft:furnace":1,"minecraft:acacia_planks":8},"minecraft:killed":{"minecraft:pig":6,"minecraft:iron_golem":1,"minecraft:sheep":1,"minecraft:skeleton":1,"minecraft:zombie":1,"minecraft:cow":4},"minecraft:broken":{"minecraft:iron_pickaxe":1},"minecraft:crafted":{"minecraft:oak_planks":24,"minecraft:crafting_table":1,"minecraft:wooden_pickaxe":1,"minecraft:furnace":1,"minecraft:stone_axe":1,"minecraft:bread":18,"minecraft:air":0,"minecraft:ladder":60,"minecraft:stick":216,"minecraft:iron_ingot":4,"minecraft:iron_pickaxe":2,"minecraft:stone_pickaxe":1,"minecraft:stone_sword":1,"minecraft:chest":2,"minecraft:acacia_planks":120,"minecraft:torch":60,"minecraft:wheat":36},"minecraft:picked_up":{"minecraft:crafting_table":1,"minecraft:wheat":38,"minecraft:leather":6,"minecraft:oak_log":15,"minecraft:brewing_stand":1,"minecraft:dirt":20,"minecraft:red_bed":2,"minecraft:bone":2,"minecraft:acacia_planks":4,"minecraft:stonecutter":1,"minecraft:wheat_seeds":114,"minecraft:grindstone":1,"minecraft:iron_ingot":4,"minecraft:beef":9,"minecraft:poppy":1,"minecraft:melon_slice":3,"minecraft:book":24,"minecraft:raw_iron":6,"minecraft:torch":1,"minecraft:acacia_log":30,"minecraft:porkchop":12,"minecraft:diorite":6,"minecraft:arrow":1,"minecraft:hay_block":12,"minecraft:granite":13,"minecraft:oak_sapling":2,"minecraft:mutton":1,"minecraft:coal":43,"minecraft:cobblestone":259,"minecraft:white_wool":1},"minecraft:mined":{"minecraft:red_bed":2,"minecraft:brewing_stand":1,"minecraft:crafting_table":1,"minecraft:granite":13,"minecraft:short_grass":15,"minecraft:acacia_log":27,"minecraft:grass_block":4,"minecraft:melon":1,"minecraft:tall_grass":8,"minecraft:cobblestone":2,"minecraft:grindstone":1,"minecraft:diorite":6,"minecraft:wall_torch":1,"minecraft:hay_block":12,"minecraft:iron_ore":6,"minecraft:wheat":54,"minecraft:bookshelf":8,"minecraft:coal_ore":43,"minecraft:oak_log":15,"minecraft:dirt_path":2,"minecraft:dirt":14,"minecraft:acacia_planks":4,"minecraft:stonecutter":1,"minecraft:stone":255,"minecraft:oak_leaves":5}},"DataVersion":3953}